{
  "RT_GROUP_ICON": {
    "APP": {
      "0000": [
        "icon256.png",
        "icon128.png",
        "icon64.png",
        "icon16.png"
      ]
    }
  },
  "RT_MANIFEST": {
    "#1": {
      "0409": {}
    }
  },
  "RT_VERSION": {
    "#1": {
      "0409": {
        "info": {
          "0409": {
            "FileDescription": "Command line tool for embedding resources in Go applications",
            "InternalName": "go-winres",
            "LegalCopyright": "© Thomas Combeléran",
            "OriginalFilename": "go-winres.exe",
            "ProductName": "go-winres"
          }
        }
      }
    }
  }
}